activity_index,nutrition_quality,discretized_age,sleep_hours,BMI,is_fit
0.74371859,0.23162135,1,0.45350109,0.18685156,1
0.54773869,0.87613293,2,0.4375,0.1801676,1
0.67085427,0.61530715,0,0.375,0.13806864,1
0.95979899,0.99496475,2,0.5,0.228751,1
0.99246231,0.84592145,0,0.325,0.06713887,1
0.71105528,0.76233635,1,0.5625,0.07940942,1
0.83165829,0.95971803,0,0.6,0.21328811,1
0.63567839,0.27089627,0,0.425,0.19952115,1
0.90703518,0.24169184,1,0.45350109,0.07731445,1
0.36934673,0.81067472,1,0.275,0.09596967,1
0.92713568,0.55689829,1,0.2875,0.21368715,1
0.10050251,0.62839879,0,0.4125,0.19333599,1
0.64572864,0.88318228,1,0.5125,0.14964086,1
0.67839196,0.47230614,0,0.575,0.24830407,1
0.68341709,0.31822759,0,0.075,0.18335994,1
0.22864322,0.75125881,0,0.75,0.17438148,1
0.97487437,0.54380665,2,0.45350109,0.10215483,1
0.69346734,0.97583082,2,0.6125,0.0,1
0.58040201,0.70493454,0,0.325,0.14016361,1
0.75376884,0.7713998,0,0.5,0.02952913,1
0.6959799,0.081571,0,0.3375,0.1287909,1
0.35175879,0.09466264,1,0.2,0.19173982,1
0.86934673,0.85498489,2,0.45350109,0.17986832,1
0.47487437,0.88217523,2,0.45,0.09986034,1
0.92964824,0.29204431,0,0.575,0.22915004,1
0.21105528,0.82275932,2,0.4375,0.160415,1
0.57035176,0.59315206,1,0.2375,0.21159218,1
0.60552764,0.26888218,2,0.45350109,0.10235435,1
0.65577889,0.86203424,0,0.325,0.20660415,1
0.93718593,0.75327291,2,0.1125,0.14944134,1
0.85929648,0.97683787,0,0.45350109,0.36821628,1
0.99497487,0.42497482,0,0.6,0.29319633,1
0.39949749,0.82275932,1,0.45350109,0.10355148,1
0.81407035,0.37059416,1,0.45350109,0.10215483,1
0.22361809,0.56294058,0,0.2375,0.17797287,1
0.47487437,0.80060423,0,0.6375,0.16071429,1
0.55778894,0.94662638,1,0.8125,0.10315243,1
0.43969849,0.91037261,2,0.375,0.17049082,1
0.35427136,0.49848943,2,0.525,0.20281325,1
0.95226131,0.86606244,1,0.35,0.26865523,1
0.20603015,0.3897281,2,0.675,0.13278132,1
0.71356784,0.9244713,2,0.4375,0.37260575,1
0.89949749,0.57099698,1,0.45,0.21787709,1
0.66331658,0.67573011,0,0.4625,0.1948324,1
0.93467337,0.2306143,0,0.175,0.32531923,1
0.79145729,0.4572004,1,0.7625,0.11292897,1
0.92462312,0.95468278,0,0.525,0.36991221,1
0.68844221,0.53575025,0,0.4625,0.06624102,1
0.07537688,0.9244713,1,0.0,0.15043895,1
0.59798995,0.81470292,1,0.475,0.21239026,1
0.40703518,0.52668681,1,0.425,0.16410615,1
0.96984925,0.64048338,0,0.175,0.20650439,1
0.68341709,0.70090634,0,0.2375,0.08719074,1
0.7361809,0.75629406,0,0.625,0.07940942,1
0.37688442,0.90735146,1,0.575,0.07661612,1
1.0,0.65760322,1,0.7875,0.21408619,1
0.80653266,0.72406848,1,0.7875,0.07791301,1
0.80653266,0.78851964,1,0.2625,0.23014765,1
0.56281407,0.96072508,1,0.6,0.14824421,1
0.16331658,0.34642497,0,0.3625,0.13756983,1
0.27889447,0.56998993,0,0.7375,0.08589385,1
0.52261307,0.86706949,0,0.55,0.24072227,1
0.27638191,0.9284995,0,0.7625,0.05506784,1
0.72110553,0.98590131,1,0.5375,0.08978452,1
0.56030151,0.36052367,0,0.325,0.16280926,1
0.89447236,0.3121853,0,0.3625,0.08160415,1
0.56281407,0.96576032,2,0.6625,0.10315243,1
0.60552764,0.74118832,1,0.4875,0.09197925,1
0.40703518,0.30110775,1,0.45350109,0.07561852,1
0.54773869,0.90332326,2,0.3125,0.07940942,1
0.93718593,0.21148036,2,0.3875,0.18844773,1
0.29145729,0.8429003,1,0.4875,0.18625299,1
0.80653266,0.48237664,1,0.45,0.05317239,1
0.19095477,0.94058409,2,0.375,0.08030726,1
0.83668342,0.693857,1,0.3625,0.1632083,1
0.97487437,0.87009063,2,0.35,0.23623304,1
0.90703518,0.56696878,0,0.35,0.1844573,1
0.9798995,0.42900302,0,0.2625,0.19602953,1
0.96482412,0.64451158,2,0.6625,0.08429769,1
0.98241206,0.26686808,2,0.2625,0.06504389,1
0.98994975,0.73212487,1,0.4375,0.19592977,1
0.89447236,0.93756294,1,0.1,0.30536712,1
0.91457286,0.33333333,0,0.5875,0.25947725,1
0.42211055,0.33434038,1,0.725,0.17577813,1
0.81155779,0.63041289,2,0.6,0.2636672,1
0.36180905,0.26787513,0,0.35,0.3410814,1
0.61055276,0.86908359,0,0.075,0.13138468,1
0.96984925,0.89627392,1,0.2375,0.18964485,1
0.67085427,0.83484391,0,0.175,0.30327215,1
0.93718593,0.94763343,1,0.7125,0.10893855,1
0.65326633,0.18932528,2,0.65,0.22685555,1
0.79648241,0.98590131,1,0.625,0.28411812,1
0.40954774,0.42799597,1,0.45350109,0.1113328,1
0.39447236,0.63947633,2,0.575,0.13986433,1
0.95728643,0.96878147,2,0.0,0.06454509,1
0.78140704,0.8489426,2,0.3375,0.14724661,1
0.62311558,0.93152064,2,0.475,0.05816042,1
0.1758794,0.90030211,1,0.725,0.15812051,1
0.61557789,0.34843907,0,0.225,0.19942139,1
0.54020101,0.78851964,2,0.275,0.13008779,1
0.74120603,0.71802618,0,0.45350109,0.09906225,1
0.4798995,0.56193353,2,0.3,0.23363927,1
0.97738693,0.74521652,0,0.6125,0.36213089,1
0.89698492,0.63544814,1,0.45350109,0.31923384,1
0.84924623,0.05538771,1,0.8375,0.27992817,1
0.06281407,0.37462236,0,0.45,0.15742219,1
0.96482412,0.83685801,0,0.5375,0.2947925,1
0.83417085,0.56696878,0,0.6875,0.10444932,1
0.63316583,0.67573011,2,0.3625,0.27144852,1
0.98492462,0.88217523,1,0.45350109,0.06843575,1
0.87939698,0.22960725,1,0.6625,0.05686353,1
0.33417085,0.13494461,0,0.2625,0.15861931,1
0.73869347,0.42900302,0,0.6875,0.21268955,1
0.48492462,0.68076536,1,0.7875,0.29110136,1
0.67085427,0.27492447,0,0.35,0.17448125,1
0.36934673,0.67170191,2,0.5375,0.19553073,1
0.21105528,0.92749245,0,0.55,0.12849162,1
0.88693467,0.34340383,1,0.225,0.31294892,1
0.33417085,0.4551863,1,0.65,0.24940144,1
0.64070352,0.67774421,0,0.7625,0.15313248,1
0.3241206,0.89325277,1,0.7125,0.06993216,1
0.76633166,0.93856999,0,0.45350109,0.16450519,1
0.4321608,0.9204431,0,0.5625,0.10454908,1
0.33668342,0.3796576,1,0.5375,0.23004789,1
0.98994975,0.82275932,1,0.0875,0.25548683,1
0.97738693,0.19234642,0,0.4375,0.38178372,1
0.44974874,0.66465257,0,0.8125,0.16330806,1
0.67085427,0.93353474,1,0.7125,0.1277933,1
0.53266332,0.67371601,1,0.475,0.23713089,1
0.62562814,0.78952669,1,0.375,0.12619713,1
0.47738693,0.47532729,0,0.25,0.08868715,1
0.57286432,0.87210473,0,0.5625,0.11671987,1
0.98994975,0.02517623,1,0.8625,0.09956105,1
0.82663317,0.89526687,2,0.3375,0.17448125,1
0.47236181,0.53373615,0,0.3,0.08310056,1
0.83919598,0.85599194,0,0.7625,0.04409417,1
0.64572864,0.22759315,0,0.6375,0.18635275,1
0.92713568,0.81168177,2,0.4375,0.14944134,1
0.92462312,0.65558912,1,0.3875,0.089585,1
0.90452261,0.35649547,0,0.375,0.11023543,1
0.83165829,0.87109768,0,0.225,0.09247805,1
0.31909548,0.40080564,1,0.3625,0.10534717,1
0.14321608,0.55085599,2,0.3125,0.18635275,1
0.55276382,0.93756294,0,0.45350109,0.35604549,1
0.2839196,0.72205438,2,0.175,0.18545491,1
0.23115578,0.54783484,0,0.1125,0.19553073,1
0.78643216,0.36656596,1,0.575,0.08998404,1
0.2160804,0.40684794,0,0.6,0.12609737,1
0.5,0.60725076,1,0.725,0.19363528,1
0.43718593,0.6918429,1,0.4875,0.16091381,1
0.85678392,0.76636455,1,0.475,0.117917,1
0.53266332,0.35045317,0,0.5875,0.12360335,1
0.35427136,0.95065458,2,0.3125,0.20371109,1
0.39949749,0.6998993,1,0.75,0.05935754,1
0.1281407,0.47331319,1,0.45350109,0.12320431,1
0.34924623,0.30715005,0,0.6125,0.12509976,1
0.6281407,0.72910373,0,0.5875,0.26476457,1
0.62060302,0.3796576,0,0.225,0.26985235,1
0.16080402,0.7693857,2,0.45350109,0.1637071,1
0.91457286,0.68378651,0,0.525,0.08170391,1
0.88190955,0.90231621,2,0.0,0.05736233,1
0.06532663,0.27089627,0,0.45,0.11023543,1
0.89949749,0.7673716,2,0.475,0.13737031,1
0.6959799,0.72809668,1,0.275,0.11272945,1
0.3241206,0.62336354,0,0.4125,0.0665403,1
0.96231156,0.81671702,1,0.3875,0.14076217,1
0.16582915,0.6163142,2,0.3625,0.32571828,1
0.92211055,0.28700906,2,0.4875,0.1660016,1
0.70351759,0.59214502,0,0.7375,0.09706704,1
0.76884422,0.02014099,0,0.225,0.16071429,1
0.37688442,0.05840886,1,0.85,0.1627095,1
0.9120603,0.73212487,2,0.15,0.14744613,1
0.79145729,0.31722054,0,0.35,0.29878292,1
0.97236181,0.20241692,1,0.3875,0.18026736,1
0.36432161,0.44209466,1,0.275,0.05885874,1
0.61055276,0.04531722,1,0.2625,0.19592977,1
0.9120603,0.29506546,2,0.2125,0.18854749,1
0.79145729,0.52366566,2,0.45350109,0.07073025,1
0.56281407,0.46223565,0,0.3875,0.11123304,1
0.88442211,0.18429003,1,0.425,0.16959298,1
0.70603015,0.44008056,0,0.6,0.15422985,1
0.75376884,0.68680765,1,0.1625,0.19602953,1
0.62060302,0.87109768,2,0.4125,0.1151237,1
0.45979899,0.02719033,1,0.55,0.18914605,1
0.19346734,0.39979859,2,0.45,0.07292498,1
0.30150754,0.78348439,2,0.4125,0.03471668,1
0.62060302,0.81369587,0,0.4375,0.08180367,1
0.88693467,0.64451158,2,0.45,0.15123703,1
0.64824121,0.66465257,1,0.6125,0.16540303,1
0.23115578,0.92950655,0,0.65,0.05486832,1
0.78894472,0.31520645,2,0.425,0.23643256,1
0.86934673,0.19335347,0,0.55,0.11402634,1
0.64070352,0.15609265,1,0.5625,0.21368715,1
0.69095477,0.50553877,0,0.4125,0.1938348,1
0.81658291,0.96576032,2,0.45,0.12609737,1
0.81909548,0.94561934,2,0.575,0.26237031,1
0.70854271,0.99697885,2,0.4875,0.04608939,1
0.90703518,0.66868077,1,0.45350109,0.05875898,1
0.98743719,0.31319235,2,0.5875,0.1915403,1
0.85678392,0.99093656,2,0.2125,0.22126895,1
0.9321608,0.41792548,0,0.6625,0.09656824,1
0.45728643,0.96878147,1,0.25,0.20001995,1
0.20603015,0.18126888,0,0.55,0.18535515,1
0.54773869,0.3856999,0,0.5375,0.16530327,1
0.92211055,0.37663646,2,0.3,0.05865922,1
0.99497487,0.25780463,0,0.15,0.19952115,1
0.69849246,0.26283988,0,0.225,0.33060654,1
0.66582915,0.65961732,0,0.475,0.16689944,1
0.70603015,0.12487412,0,0.625,0.31314844,1
0.75628141,0.94058409,1,0.1,0.17438148,1
0.24120603,0.89929507,1,0.45350109,0.18306065,1
0.76884422,0.70191339,1,0.5375,0.1882482,1
0.94221106,0.72608258,2,0.575,0.25648444,1
0.46984925,0.13595166,1,0.675,0.14225858,1
0.9321608,0.48036254,0,0.65,0.18635275,1
0.59296482,0.81268882,2,0.225,0.09197925,1
0.73869347,0.93957704,1,0.65,0.21847566,1
0.7361809,0.3917422,0,0.6,0.12789306,1
0.9120603,0.88519637,2,0.65,0.10614525,1
0.86180905,0.97180262,1,0.4,0.06484437,1
0.98492462,0.35448137,2,0.3375,0.08948524,1
0.45477387,0.90533736,2,0.5875,0.13387869,1
0.61055276,0.90835851,2,0.4125,0.24750599,1
0.37939698,0.97280967,2,0.325,0.19543097,1
0.29648241,0.60322256,0,0.8,0.15802075,1
0.46231156,0.63746224,2,0.2375,0.06913408,1
0.80653266,0.56696878,1,0.45350109,0.05736233,1
0.53517588,0.74219537,2,0.475,0.15712291,1
0.98994975,0.88519637,0,0.075,0.10634477,1
0.57035176,0.98992951,0,0.675,0.11532322,1
1.0,1.0,2,0.2125,0.2495012,1
0.98241206,0.52970796,1,0.3,0.14435355,1
0.45477387,0.98992951,2,0.4125,0.1730846,1
0.46231156,0.37059416,2,0.5,0.20351157,1
0.42713568,0.24672709,2,0.45350109,0.15812051,1
0.92964824,0.8529708,2,0.6,0.13218276,1
0.84422111,0.87311178,0,0.35,0.18335994,1
0.47487437,0.78751259,0,0.3625,0.24002394,1
0.71859296,0.67170191,2,0.425,0.21687949,1
0.62562814,0.04128902,0,0.6875,0.13677175,1
0.49748744,0.87109768,1,0.2125,0.14565044,1
0.48743719,0.93554884,0,0.65,0.05387071,1
0.86180905,0.53977845,0,0.45,0.15313248,1
0.63316583,0.70292044,1,0.5875,0.25209497,1
0.16331658,0.25981873,1,0.5875,0.08838787,1
0.90201005,0.67170191,1,0.5875,0.25638468,1
0.66331658,0.45015106,1,0.6375,0.17547885,1
0.40201005,0.96777442,0,0.5375,0.08379888,1
0.77135678,0.87210473,0,0.6125,0.08260176,1
0.83919598,0.27895267,1,0.5375,0.13517558,1
0.19849246,0.58811682,1,0.3625,0.10175579,1
0.97236181,0.72104733,1,0.3375,0.12699521,1
0.29145729,0.21450151,1,0.6,0.11881484,1
0.62311558,0.06545821,1,0.6375,0.13597366,1
0.46231156,0.74320242,1,0.5375,0.1217079,1
0.93718593,0.75629406,2,0.575,0.13707103,1
0.40201005,0.89929507,0,0.5125,0.20181564,1
0.65075377,0.92547835,2,0.675,0.28900638,1
0.52763819,0.79657603,0,0.5625,0.22406225,1
0.86683417,0.88418933,0,0.6,0.10554669,1
0.16080402,0.53071501,1,0.0,0.18635275,1
0.98743719,0.29607251,0,0.4875,0.06813647,1
0.61557789,0.48338369,1,0.45,0.13008779,1
0.78643216,0.44511581,0,0.6,0.3792897,1
0.26884422,0.35951662,1,0.45350109,0.10883879,1
0.65326633,0.99496475,0,0.25,0.10873903,1
0.5,0.75427996,2,0.2375,0.07791301,1
0.93969849,0.42598187,0,0.55,0.24680766,1
0.45979899,0.57804632,0,0.3,0.23493615,1
0.10552764,0.26082578,1,0.5125,0.16729848,1
0.93969849,0.93655589,2,0.4625,0.18635275,1
0.03266332,0.89325277,0,0.4,0.2919992,1
0.79396985,0.306143,0,0.2875,0.34078212,1
0.03266332,0.3121853,0,0.5625,0.64804469,1
0.17085427,0.90533736,2,0.625,0.08649242,1
0.9321608,0.89828802,2,0.25,0.16440543,1
0.68592965,0.09566969,1,0.15,0.25219473,1
0.88190955,0.39476334,1,0.45350109,0.18335994,1
0.53768844,0.16314199,0,0.8125,0.19124102,1
0.85929648,0.50755287,1,0.15,0.14784517,1
0.75628141,0.21349446,0,0.4375,0.14874302,1
0.18341709,0.9244713,2,0.2625,0.28671189,1
0.35929648,0.55488419,1,0.6125,0.10035914,1
0.75125628,0.41188318,2,0.625,0.29918196,1
0.95226131,0.14300101,0,0.625,0.19273743,1
0.34673367,0.65458207,1,0.45350109,0.10165603,1
0.54020101,0.54682779,1,0.5875,0.15812051,1
0.68090452,0.93756294,0,0.4625,0.38786911,1
0.42462312,0.86002014,0,0.325,0.18964485,1
0.61809045,0.67371601,1,0.2625,0.10674381,1
0.96482412,0.31319235,1,0.6,0.11023543,1
0.45477387,0.08962739,2,0.3,0.15522745,1
0.88693467,0.93756294,1,0.0375,0.19223863,1
0.66834171,0.13595166,2,0.6375,0.17577813,1
0.89949749,0.27693857,1,0.6,0.12270551,1
0.44723618,0.86002014,0,0.4875,0.19782522,1
0.45477387,0.70594159,0,0.375,0.21468476,1
0.77386935,0.52769386,1,0.45350109,0.0802075,1
0.71859296,0.25176234,1,0.775,0.23902634,1
0.9120603,0.2346425,1,0.525,0.13357941,1
0.34673367,0.25780463,0,0.7125,0.23743017,1
0.51256281,0.92547835,1,0.2625,0.23373903,1
0.3919598,0.7673716,0,0.7,0.29399441,1
0.72361809,0.42396777,2,0.4,0.16071429,1
0.79145729,0.78348439,0,0.225,0.25728252,1
0.88190955,0.04531722,0,0.55,0.14824421,1
0.54773869,0.83585096,0,0.15,0.23623304,1
0.93718593,0.9939577,0,0.475,0.22505986,1
0.61557789,0.19335347,1,0.1875,0.14594972,1
0.6959799,0.74420947,0,0.6375,0.24750599,1
0.1758794,0.03021148,0,0.35,0.07092977,1
0.6959799,0.88922457,1,0.475,0.35305267,1
0.66582915,0.41993958,0,0.525,0.16450519,1
0.90201005,0.8489426,2,0.15,0.12759377,1
0.27638191,0.95065458,2,0.4875,0.19173982,1
0.65075377,0.63544814,1,0.4375,0.17667598,1
0.86432161,0.94259819,2,0.7875,0.21368715,1
0.16834171,0.0,0,0.5625,0.08449721,1
0.49748744,0.51359517,0,0.45,0.29389465,1
0.68844221,0.66968781,0,0.125,0.16959298,1
0.46231156,0.97985901,0,0.7875,0.24171987,1
0.04020101,0.82980866,2,0.2125,0.06494413,1
0.53015075,0.82074522,0,0.325,0.17148843,1
0.55778894,0.92145015,0,0.6625,0.14046289,1
0.11306533,0.20543807,2,0.6625,0.13507582,1
0.99748744,0.50654582,0,0.45350109,0.15313248,1
0.32663317,0.50755287,1,0.425,0.17547885,1
0.43969849,0.91339376,0,0.15,0.22146848,1
0.79899497,0.83182276,1,0.475,0.22226656,1
0.97738693,0.49647533,1,0.525,0.27214685,1
0.83165829,0.52467271,1,0.2,0.2014166,1
0.3241206,0.22356495,1,0.2875,0.22905028,1
0.68341709,0.90634441,1,0.375,0.35215483,1
0.35175879,0.25881168,0,0.2875,0.24590982,1
0.6281407,0.27593152,1,0.2,0.25538707,1
0.79899497,0.13293051,0,0.4625,0.28511572,1
0.28643216,0.66263847,0,0.775,0.06534318,1
0.56281407,0.24773414,2,0.35,0.12759377,1
0.48492462,0.72205438,1,0.45350109,0.14046289,1
0.74120603,0.89425982,0,0.45350109,0.1495411,1
0.42713568,0.04128902,0,0.45,0.20670391,1
0.98492462,0.09164149,2,0.425,0.1315842,1
0.62562814,0.71802618,2,0.7,0.11292897,1
0.62562814,0.51258812,0,0.525,0.11093376,1
0.95979899,0.70795569,2,0.4125,0.30347167,1
0.33919598,0.04229607,2,0.4625,0.21648045,1
0.58542714,0.10271903,2,0.3875,0.09726656,1
0.02512563,0.75629406,0,0.5875,0.22236632,1
0.62060302,0.93353474,0,0.3375,0.04359537,1
0.55025126,0.62336354,0,0.6375,0.18635275,1
0.29396985,0.41188318,0,0.525,0.13058659,1
0.98492462,0.73313192,0,0.1875,0.11731844,1
0.99246231,0.74320242,1,0.45350109,0.08758978,1
0.49246231,0.20443102,0,0.1875,0.38986433,1
0.56532663,0.28096677,0,0.575,1.0,1
0.70603015,0.9164149,0,0.4375,0.13447725,1
0.33668342,0.94864048,0,0.3875,0.1325818,1
0.11055276,0.35246727,0,0.8125,0.16250998,1
0.92211055,0.18429003,0,0.325,0.20490822,1
0.13819095,0.08056395,2,0.45350109,0.14944134,1
0.20351759,0.71299094,2,0.6625,0.17009178,1
0.98241206,0.35850957,2,0.4875,0.15961692,1
0.71859296,0.35649547,2,0.5,0.14096169,1
0.42462312,0.78147029,1,0.5375,0.25837989,1
0.18844221,0.97482377,1,0.2125,0.20311253,1
0.76884422,0.21752266,1,0.2625,0.16779729,1
0.60050251,0.68277946,0,0.4,0.21189146,1
0.58542714,0.89828802,1,0.275,0.35634477,1
0.03266332,0.74219537,0,0.45350109,0.52065044,1
0.92211055,0.64853978,1,0.3625,0.25209497,1
0.95979899,0.83585096,0,0.45350109,0.12360335,1
0.74623116,0.54682779,2,0.525,0.26855547,1
0.5678392,0.68882175,0,0.5,0.08689146,1
0.21859296,0.8408862,1,0.8,0.11402634,1
0.7160804,0.12688822,0,0.5625,0.14016361,1
0.52261307,0.65760322,0,0.2375,0.0938747,1
0.10552764,0.35045317,0,0.45350109,0.21897446,1
0.5678392,0.54984894,2,0.05,0.04988029,1
0.96733668,0.90936556,0,0.2,0.06723863,1
0.79648241,0.72306143,1,0.675,0.27464086,1
0.6080402,0.93152064,1,0.0,0.25418994,1
0.45728643,0.33232628,1,0.4875,0.17916999,1
0.83417085,0.57301108,1,0.425,0.31803671,1
0.82160804,0.68882175,2,0.7,0.18515563,1
0.10301508,0.57200403,2,0.5,0.1943336,1
0.57286432,0.58912387,1,0.425,0.04140064,1
0.65326633,0.49043303,0,0.525,0.21139266,1
0.66080402,0.50956697,1,0.725,0.27952913,1
0.25376884,0.60322256,0,0.4375,0.08270152,1
0.96231156,0.48539778,1,0.5,0.10055866,1
0.87437186,0.31621349,1,0.3125,0.09018356,1
0.8241206,0.59113797,0,0.5,0.14734637,1
0.97487437,0.86203424,0,0.4375,0.30317239,1
0.38693467,0.1530715,0,0.55,0.23333998,1
0.15577889,0.83182276,0,0.6375,0.06723863,1
0.73869347,0.80060423,2,0.625,0.32671588,1
0.25879397,0.93353474,0,0.35,0.27823224,1
0.73115578,0.66968781,0,0.3625,0.19932163,1
0.99748744,0.67774421,2,0.1625,0.13357941,1
0.79899497,0.25981873,1,0.525,0.10195531,1
0.34170854,0.32527694,1,0.6125,0.2122905,1
0.98994975,0.65458207,1,0.35,0.10564645,1
0.35929648,0.14098691,2,0.25,0.33369912,1
0.82160804,0.83987915,1,0.45350109,0.05057861,1
0.96733668,0.44612286,0,0.6,0.24231844,1
0.43467337,0.54682779,2,0.9125,0.22176776,1
0.6281407,0.29506546,0,0.2875,0.1207103,1
0.93718593,0.17623364,0,0.6375,0.07881085,1
0.61055276,0.23867069,2,0.7625,0.25997606,1
0.3241206,0.52467271,0,0.0625,0.12370311,1
0.08291457,0.86304129,1,0.55,0.11502394,1
0.35175879,0.80362538,0,0.275,0.1315842,1
0.90452261,0.62739174,0,0.375,0.1556265,1
0.8919598,0.96978852,0,0.3875,0.11721868,1
0.98994975,0.72809668,0,0.4875,0.27573823,1
0.14070352,0.72205438,1,0.7125,0.25259377,1
0.61306533,0.17220544,1,0.45350109,0.1287909,1
0.95226131,0.03423968,1,0.5125,0.17837191,1
0.81909548,0.80765358,2,0.35,0.58359936,1
0.11557789,0.82578046,1,0.6875,0.15802075,1
0.57035176,0.15005035,1,0.7,0.10514765,1
0.16582915,0.33937563,0,0.5,0.16071429,1
0.56030151,0.48237664,0,0.4375,0.16450519,1
0.46733668,0.93756294,0,0.6,0.15921788,1
0.37939698,0.74823766,0,0.625,0.3707103,1
0.31658291,0.16918429,2,0.3375,0.11262969,1
0.01256281,0.44914401,0,0.35,0.19592977,1
0.90703518,0.51158107,1,0.375,0.17438148,1
0.15829146,0.75427996,2,0.75,0.10265363,1
0.97738693,0.24269889,2,0.3875,0.33050678,1
0.45226131,0.75730111,2,0.45350109,0.19313647,1
0.42211055,0.1470292,1,0.5,0.2057063,1
0.96733668,0.88620342,0,0.825,0.24102155,1
0.4120603,0.73011078,2,0.4,0.21717877,1
0.44472362,0.21852971,0,0.275,0.11681963,1
0.01005025,0.50654582,0,0.575,0.2495012,1
0.85175879,0.58710977,0,0.45350109,0.03890662,1
0.53517588,0.4612286,0,0.4875,0.17228651,1
0.92964824,0.09768379,1,0.45350109,0.09706704,1
0.3919598,0.8388721,2,0.65,0.22057063,1
0.4321608,0.66565962,2,0.75,0.19553073,1
0.77889447,0.66364552,0,0.6,0.24142059,1
0.55527638,0.6978852,0,0.3625,0.17049082,1
0.64824121,0.67170191,0,0.525,0.09187949,1
0.32663317,0.38267875,0,0.9125,0.18615323,1
0.8241206,0.32829809,2,0.325,0.09846369,1
0.63819095,0.94461229,1,0.45350109,0.10654429,1
0.8040201,0.12588117,0,0.7875,0.22815243,1
0.53768844,0.12084592,0,0.4625,0.11292897,1
0.26633166,0.91742195,0,0.45350109,0.07751397,1
0.8241206,0.97683787,2,0.275,0.19592977,1
0.71105528,0.13494461,2,0.35,0.04838388,1
0.86180905,0.51762336,0,0.3875,0.13407821,1
0.98994975,0.82779456,1,0.3125,0.04299681,1
0.17839196,0.9959718,1,0.6125,0.10983639,1
0.46231156,0.59919436,0,0.4875,0.18535515,1
0.83417085,0.86606244,1,0.475,0.04778532,1
0.03266332,0.12286002,2,0.7875,0.17827215,1
0.99246231,0.4572004,0,0.1375,0.26177175,1
0.67839196,0.70594159,1,0.375,0.22146848,1
0.54020101,0.61329305,0,0.6375,0.32711492,1
0.61055276,0.25176234,0,0.425,0.23144453,1
0.22864322,0.39979859,1,0.7375,0.14984038,1
0.39949749,0.6998993,1,0.6,0.04549082,1
0.54522613,0.95669688,1,0.3,0.25019952,1
0.8919598,0.88016113,2,0.4375,0.33519553,1
0.1080402,0.89325277,1,0.4875,0.22176776,1
0.50502513,0.62638469,2,0.5625,0.22984836,1
0.95477387,0.85699899,0,0.35,0.17926975,1
0.69849246,0.54783484,0,0.4875,0.28950519,1
0.57537688,0.83685801,1,0.45350109,0.07292498,1
0.34170854,0.87311178,2,0.525,0.11931365,1
0.93969849,0.70292044,2,0.5125,0.18954509,1
0.64070352,0.83685801,0,0.45350109,0.15861931,1
0.88190955,0.88217523,1,0.425,0.06813647,1
0.96482412,0.46223565,2,0.3875,0.21987231,1
0.85929648,0.20342397,0,0.2375,0.31504389,1
0.66582915,0.88116818,1,0.425,0.20001995,1
0.78643216,0.23867069,1,0.4125,0.02563847,1
0.98492462,0.08962739,2,0.5625,0.07063049,1
0.37437186,0.43705942,2,0.5875,0.13248204,1
0.59798995,0.42094663,0,0.8375,0.13288109,1
0.38944724,0.89023162,1,0.7125,0.0933759,1
0.36180905,0.95468278,0,0.3875,0.37001197,1
0.69346734,0.29506546,1,0.5,0.21039505,1
0.3241206,0.79859013,0,0.4875,0.26027534,1
0.60301508,0.71701913,0,0.375,0.09407422,1
0.56532663,0.83383686,2,0.4,0.13407821,1
0.93467337,0.81973817,2,0.4875,0.19892259,1
0.27135678,0.69687815,1,0.45350109,0.1254988,1
0.74371859,0.6898288,1,0.4125,0.06634078,1
0.90954774,0.94964753,1,0.3,0.1627095,1
0.7160804,0.02114804,2,0.8,0.19922187,1
0.6959799,0.13293051,1,0.45350109,0.08359936,1
0.63316583,0.73615307,1,0.6875,0.22815243,1
0.8040201,0.5347432,0,0.8375,0.28182362,1
0.98241206,0.35045317,0,0.45350109,0.20939745,1
0.79648241,0.97784491,0,0.325,0.04588986,1
0.81909548,0.03323263,0,0.6,0.0900838,1
0.68341709,0.63444109,1,0.65,0.19443336,1
0.79899497,0.67573011,0,0.5,0.02703512,1
0.86432161,0.81772407,0,0.3,0.13427773,1
0.84673367,0.56092649,0,0.2125,0.10295291,1
0.50502513,0.72205438,0,0.725,0.21847566,1
0.65075377,0.01309164,0,0.6,0.1938348,1
0.32160804,0.6878147,0,0.3375,0.07671588,1
0.49497487,0.71198389,2,0.2625,0.30746209,1
0.95226131,0.37361531,1,0.4625,0.18635275,1
0.79899497,0.80866062,2,0.7625,0.21408619,1
0.98492462,0.83987915,2,0.325,0.09028332,1
0.44723618,0.8449144,0,0.525,0.22146848,1
0.60050251,0.80765358,0,0.3125,0.14136073,1
0.30150754,0.78348439,1,0.5625,0.06494413,1
0.8919598,0.45417925,2,0.2125,0.1740822,1
0.76633166,0.03121853,0,0.4125,0.31424581,1
0.16582915,0.89728097,0,0.65,0.25618516,1
0.62060302,0.98288016,0,0.4125,0.16849561,1
0.31407035,0.70795569,0,0.2375,0.15522745,1
0.98743719,0.67472306,2,0.725,0.10235435,1
0.1758794,0.41792548,0,0.65,0.16071429,1
0.8919598,0.08559919,1,0.15,0.16061453,1
0.91708543,0.25377644,0,0.375,0.17727454,1
0.79396985,0.03323263,2,0.5125,0.15901836,1
0.82663317,0.82578046,0,0.375,0.14096169,1
0.35678392,0.52064451,1,0.5,0.10973663,1
0.75125628,0.94360524,0,0.0,0.13756983,1
0.94974874,0.16717019,2,0.475,0.35963687,1
0.87437186,0.75528701,0,0.45,0.20879888,1
0.0,0.95065458,0,0.825,0.26855547,1
0.32914573,0.93756294,0,0.6375,0.0839984,1
0.91708543,0.45115811,1,0.4375,0.09247805,1
0.45728643,0.54783484,1,0.175,0.03890662,1
0.59045226,0.77442095,0,0.2,0.15253392,1
0.96733668,0.11077543,0,0.4,0.23353951,1
0.90954774,0.98388721,1,0.625,0.15871907,1
0.40954774,0.23766365,0,0.45350109,0.10135674,1
0.86934673,0.25679758,0,0.55,0.23104549,1
0.53015075,0.42799597,1,0.875,0.34028332,1
0.36432161,0.11581067,1,0.2875,0.17288508,1
0.59045226,0.67774421,2,0.4375,0.13427773,1
0.6080402,0.60725076,1,0.225,0.14924182,1
0.3718593,0.43907351,0,0.55,0.09247805,1
0.50502513,0.05135952,0,0.2375,0.12719473,1
0.95979899,0.07653575,0,0.5375,0.11452514,1
0.76633166,0.82678751,1,0.45,0.12659617,1
0.74874372,0.55387714,0,0.5625,0.16859537,1
0.07537688,0.63041289,1,0.425,0.12360335,1
0.89447236,0.17724068,0,0.525,0.18645251,1
0.53768844,0.47935549,1,0.45350109,0.21288907,1
0.40703518,0.48841893,0,0.375,0.26167199,1
0.83919598,0.45115811,2,0.6625,0.16959298,1
0.59045226,0.62537764,1,0.525,0.15841979,1
0.72613065,0.42900302,0,0.525,0.10325219,1
0.92713568,0.35146022,1,0.1875,0.24910215,1
0.30904523,0.80261833,0,0.65,0.15023943,1
0.87688442,0.83484391,2,0.45350109,0.19283719,1
0.12562814,0.26888218,0,0.45350109,0.14864326,1
0.06532663,0.98489426,2,0.45350109,0.07751397,1
0.44723618,0.82376636,1,0.0,0.17438148,1
0.71859296,0.85901309,0,0.1,0.14285714,1
0.15326633,0.52870091,0,0.4625,0.15053871,1
0.64321608,0.59919436,0,0.375,0.07432163,1
0.26884422,0.63242699,2,0.625,0.11233041,1
0.12060302,0.03625378,2,0.3875,0.17368316,1
0.85678392,0.81470292,1,0.7625,0.35464884,1
0.87688442,0.8509567,1,0.5625,0.1277933,1
0.58291457,0.62336354,1,0.3625,0.25548683,1
0.75125628,0.7653575,1,0.5375,0.17348364,1
0.01507538,0.6898288,1,0.475,0.21797686,1
0.57788945,0.80362538,1,0.4125,0.09806464,1
0.48492462,0.41490433,0,0.55,0.20670391,1
0.92964824,0.88016113,1,0.45350109,0.18385874,1
0.72613065,0.37562941,0,0.425,0.09517159,1
0.29899497,0.04128902,0,0.7125,0.14375499,1
0.37939698,0.98690836,0,0.7125,0.19303671,1
0.61809045,0.35045317,2,0.2125,0.13946528,1
0.58040201,0.6143001,1,0.675,0.08599362,1
0.49246231,0.75025176,0,0.375,0.19463288,1
0.36683417,0.75025176,0,0.475,0.09138069,1
0.90703518,0.6878147,2,0.45,0.15103751,1
0.54522613,0.90634441,0,0.45,0.15951716,1
0.92713568,0.95871098,1,0.525,0.09846369,1
0.57286432,0.01913394,1,0.8,0.15762171,1
0.62311558,0.85800604,1,0.85,0.09277733,1
0.25879397,0.21550856,0,0.5375,0.39205906,1
0.58291457,0.14803625,0,0.5125,0.2019154,1
0.40703518,0.4652568,0,0.45350109,0.08110535,1
0.96482412,0.42296073,1,0.15,0.24800479,1
0.52261307,0.51158107,2,0.1375,0.16460495,1
0.94472362,0.46223565,2,0.575,0.18206305,1
0.88693467,0.71701913,0,0.7875,0.08369912,1
0.63567839,0.13595166,0,0.475,0.23743017,1
0.83668342,0.7713998,2,0.6,0.19503192,1
0.57788945,0.63544814,0,0.125,0.05905826,1
0.01507538,0.58509567,1,0.8125,0.21787709,1
0.97487437,0.22356495,1,0.6,0.36392658,1
0.47236181,0.64249748,2,0.9625,0.15901836,1
0.39447236,0.91943605,2,0.6125,0.22336393,1
0.24120603,0.27291037,0,0.425,0.1763767,1
0.98743719,0.84592145,1,0.1625,0.36711891,1
0.52763819,0.52165156,0,0.425,0.09407422,1
0.52763819,0.75327291,2,0.275,0.1452514,1
0.91959799,0.98388721,1,0.225,0.23014765,1
0.07286432,0.43907351,0,0.0,0.04778532,1
0.51005025,0.39778449,1,0.7,0.33389864,1
0.86934673,0.84793555,1,0.0625,0.31045491,1
0.73869347,0.34340383,0,0.55,0.15103751,1
0.92211055,0.67774421,2,0.8,0.02962889,1
1.0,0.38267875,1,0.225,0.14136073,1
0.95477387,0.88318228,1,0.7375,0.07761373,1
0.22110553,0.33736153,1,0.325,0.13687151,1
0.72613065,0.16213494,2,0.0125,0.16280926,1
0.16331658,0.15810675,2,0.45350109,0.19982043,1
0.52512563,0.12487412,2,0.3125,0.25019952,1
0.60552764,0.98992951,0,0.1625,0.08998404,1
0.43467337,0.41893253,0,0.45,0.12559856,1
0.85427136,0.85800604,2,0.3625,0.13557462,1
0.62562814,0.12890232,2,0.675,0.12310455,1
0.64070352,0.8469285,2,0.4375,0.46039505,1
0.95477387,0.59013092,1,0.1125,0.16191141,1
0.98492462,0.9305136,1,0.5875,0.03202314,1
0.65326633,0.87512588,1,0.8,0.15632482,1
0.70603015,0.41087613,1,0.5375,0.09986034,1
0.20351759,0.85901309,1,0.45,0.23643256,1
0.63065327,0.50755287,2,0.625,0.19223863,1
0.57788945,0.83685801,1,0.2625,0.06155227,1
0.67336683,0.89728097,1,0.3875,0.12719473,1
0.78140704,0.58509567,1,0.45350109,0.09676776,1
0.59798995,0.32024169,1,0.0625,0.1217079,1
0.64824121,0.83182276,0,0.2,0.12958899,1
0.86432161,0.03826788,2,0.3625,0.20221468,1
0.29145729,0.65055388,0,0.6625,0.06314844,1
0.36180905,0.66465257,1,0.725,0.09966081,1
0.95728643,0.3101712,0,0.6125,0.18086592,1
0.16582915,0.26283988,0,0.175,0.1660016,1
0.62060302,0.88116818,0,0.45350109,0.25119713,1
0.59547739,0.94964753,1,0.625,0.12799282,1
0.86180905,0.71399799,1,0.2875,0.25648444,1
0.94221106,0.95065458,2,0.5625,0.10684358,1
0.50251256,0.34138973,1,0.5375,0.08948524,1
0.60552764,0.89828802,1,0.3875,0.38747007,1
0.61809045,0.72104733,2,0.5125,0.1763767,1
0.45226131,0.51359517,1,1.0,0.15532721,1
0.51758794,0.48036254,0,0.45,0.16819633,1
0.83668342,0.98690836,0,0.2375,0.1429569,1
0.74874372,0.48640483,0,0.275,0.25019952,1
0.79396985,0.91742195,0,0.325,0.25967678,1
0.70351759,0.20342397,2,0.575,0.26925379,1
0.81407035,0.87915408,2,0.475,0.27563847,1
0.95979899,0.55186304,0,0.1,0.1452514,1
0.75376884,0.77844914,0,0.425,0.11093376,1
0.83165829,0.39979859,2,0.4125,0.1490423,1
0.98743719,0.68076536,0,0.65,0.1009577,1
0.72110553,0.3021148,1,0.9,0.12130886,1
0.39447236,0.93252769,0,0.2625,0.110834,1
0.65326633,0.95770393,1,0.4625,0.17198723,1
0.33919598,0.80563948,1,0.625,0.15542698,1
0.14824121,0.26384693,0,0.5,0.20041899,1
0.05527638,0.27895267,1,0.4875,0.03571429,1
0.87437186,0.11782477,0,0.6625,0.1348763,1
0.28894472,0.92145015,0,0.5125,0.05486832,1
0.20351759,0.56998993,2,0.6,0.17707502,1
0.51507538,0.36555891,1,0.325,0.11701915,1
0.6080402,0.66666667,2,0.9,0.25209497,1
0.72361809,0.3836858,2,0.45350109,0.28671189,1
0.58542714,0.39476334,2,0.3625,0.0523743,1
0.8040201,0.78046324,0,0.3875,0.375,1
0.92964824,0.98791541,1,0.35,0.07671588,1
0.2638191,0.05941591,0,0.5375,0.22905028,1
0.40703518,0.95669688,1,0.7625,0.23393855,1
0.23115578,0.34138973,0,0.3875,0.15901836,1
0.6281407,0.36757301,1,0.4875,0.19443336,1
0.8040201,0.69687815,2,0.45350109,0.18954509,1
0.47738693,0.1470292,0,0.4375,0.33200319,1
0.80150754,0.10171198,0,0.5875,0.09088188,1
0.69849246,0.10070493,2,0.5625,0.21428571,1
0.90201005,0.96374622,0,0.5125,0.24800479,1
0.31909548,0.56998993,0,0.6875,0.17677574,1
0.22864322,0.306143,2,0.4125,0.22256584,1
0.1959799,0.65357503,1,0.375,0.228751,1
0.83668342,0.85397784,2,0.35,0.23423783,1
0.0,0.90130916,0,0.4,0.37380287,1
0.87939698,0.8408862,1,0.375,0.02214685,1
0.3718593,0.48841893,0,0.3625,0.16061453,1
0.74623116,0.87210473,0,0.7,0.19463288,1
0.97487437,0.82578046,0,0.775,0.19283719,1
0.72613065,0.49446123,0,0.375,0.26865523,1
0.47738693,0.26988922,0,0.3375,0.23284118,1
0.74874372,0.67573011,1,0.375,0.25478851,1
0.75628141,0.97784491,0,0.4875,0.14505188,1
0.68090452,0.70996979,1,0.5875,0.16071429,1
0.97236181,0.67774421,2,0.175,0.19503192,1
0.9798995,0.97784491,2,0.275,0.16241022,1
0.4120603,0.73413897,1,0.3125,0.19952115,1
0.96482412,0.93554884,0,0.225,0.10883879,1
0.36432161,0.96878147,1,0.45350109,0.14016361,1
0.70351759,0.62336354,2,0.45,0.11432562,1
0.60301508,0.94259819,1,0.3125,0.22575818,1
0.16080402,0.88922457,0,0.65,0.18335994,1
0.44974874,0.39778449,1,0.45,0.12240623,1
0.60050251,0.53776435,2,0.3125,0.21687949,1
0.07537688,0.3856999,0,0.45350109,0.15782123,1
0.65326633,0.77744209,0,0.5625,0.23104549,1
0.83417085,0.03121853,1,0.6375,0.14225858,1
0.34170854,0.61530715,2,0.6625,0.29918196,1
0.17336683,0.12487412,1,0.6625,0.11502394,1
0.94723618,0.67371601,1,0.475,0.03611333,1
0.83417085,0.12084592,0,0.6375,0.28830806,1
0.51758794,0.9959718,0,0.7125,0.08888667,1
0.64824121,0.38267875,2,0.275,0.03212291,1
0.50753769,0.75125881,1,0.3625,0.12559856,1
0.71105528,0.21349446,1,0.775,0.09088188,1
0.40954774,0.49446123,0,0.6875,0.15462889,1
0.78894472,0.81470292,1,0.6375,0.09187949,1
0.77386935,0.89023162,2,0.375,0.16061453,1
0.90954774,0.9305136,0,0.275,0.20251397,1
0.28140704,0.44712991,1,0.725,0.16839585,1
0.21356784,0.70795569,1,0.475,0.24142059,1
0.59547739,0.50956697,1,0.8,0.28671189,1
0.90452261,0.64451158,0,0.45350109,0.16580208,1
0.37688442,0.39073515,2,0.3125,0.13248204,1
0.77135678,0.89123867,1,0.0,0.221668,1
0.88693467,0.20946626,1,0.5875,0.07741421,1
0.28894472,0.71299094,2,0.75,0.13497606,1
0.45477387,0.70090634,0,0.4,0.16071429,1
0.6959799,0.35045317,2,0.2875,0.1948324,1
0.83417085,0.89224572,2,0.475,0.23004789,1
0.89447236,0.64350453,0,0.0,0.08998404,1
0.88190955,0.31319235,1,0.45350109,0.24042298,1
0.88944724,0.22759315,1,0.5125,0.20490822,1
0.51005025,0.92346425,0,0.35,0.285415,1
0.71859296,0.73917422,1,0.275,0.11731844,1
0.56030151,0.88318228,1,0.45,0.19952115,1
0.93718593,0.19335347,2,0.7125,0.15782123,1
0.93969849,0.59315206,0,0.45,0.11482442,1
0.7638191,0.27693857,1,0.2125,0.23014765,1
0.75879397,0.94058409,1,1.0,0.09407422,1
0.27135678,0.49043303,2,0.55,0.2462091,1
0.65577889,0.86807654,0,0.375,0.23234238,1
0.34170854,0.27593152,2,0.075,0.21298883,1
0.79899497,0.56193353,0,0.3125,0.10774142,1
0.62311558,0.47834844,2,0.6125,0.06145251,1
0.34673367,0.89526687,2,0.5125,0.02962889,1
0.6080402,0.3917422,0,0.375,0.15672386,1
0.62060302,0.58308157,1,0.6375,0.0971668,1
0.84924623,0.918429,0,0.4875,0.10564645,1
0.58542714,0.34340383,0,0.6625,0.13407821,1
0.9798995,0.64954683,0,0.3125,0.0759178,1
0.46984925,0.28700906,1,0.6875,0.04179968,1
0.82160804,0.54783484,1,0.2375,0.08090583,1
0.51507538,0.32124874,0,0.3875,0.23563448,1
0.76633166,0.31923464,2,0.7,0.21219074,1
0.62060302,0.67170191,1,0.775,0.08908619,1
0.79648241,0.58610272,1,0.1125,0.30416999,1
0.8919598,0.57301108,1,0.1125,0.17108939,1
0.46733668,0.05941591,0,0.3875,0.14365523,1
0.89949749,0.24370594,0,0.625,0.17178771,1
0.23366834,0.22356495,2,0.375,0.11023543,1
0.2839196,0.90835851,0,0.6875,0.24630886,1
0.36683417,0.91238671,2,0.55,0.18575419,1
0.97487437,0.21651561,0,0.55,0.09726656,1
0.44221106,0.95166163,0,0.0125,0.06544294,1
0.94974874,0.95871098,1,0.4625,0.33669194,1
0.13316583,0.72306143,0,0.5125,0.21667997,1
0.76884422,0.88318228,0,0.6875,0.26027534,1
0.61809045,0.918429,1,0.6125,0.13417797,1
0.96482412,0.41490433,0,0.45350109,0.02942937,1
0.78643216,0.03121853,0,0.5625,0.14285714,1
0.87939698,0.43001007,1,0.0875,0.11771748,1
0.62060302,0.81067472,1,0.175,0.06594174,1
0.69849246,0.5327291,1,0.6125,0.10724262,1
0.58542714,0.39778449,2,0.45,0.28900638,1
0.44723618,0.93856999,1,0.6125,0.19583001,1
0.22110553,0.60422961,0,0.5625,0.10634477,1
0.70100503,0.49848943,0,0.5625,0.16679968,1
0.22361809,0.86203424,0,0.5625,0.13806864,1
0.59045226,0.8408862,1,0.5125,0.16779729,1
0.05778894,0.88721047,1,0.3375,0.17228651,1
0.50502513,0.72708963,0,0.5375,0.21897446,1
0.52763819,0.34239678,0,0.75,0.19882283,1
0.82663317,0.63544814,2,0.75,0.13248204,1
0.49497487,0.8509567,0,0.525,0.18036712,1
0.86432161,0.32729104,2,0.2375,0.14744613,1
0.62562814,0.5427996,1,0.2625,0.09167997,1
0.81155779,0.8408862,1,0.2875,0.18106544,1
0.62060302,0.55689829,2,0.45350109,0.103751,1
0.87939698,0.47432024,1,0.65,0.11402634,1
0.84673367,0.99697885,1,0.6375,0.02324421,1
0.95979899,0.03726083,0,0.675,0.06863528,1
0.56281407,0.14803625,1,0.45350109,0.23284118,1
0.53768844,0.86203424,2,0.675,0.11961293,1
0.63316583,0.73212487,2,0.325,0.1075419,0
0.23366834,0.8429003,1,0.6,0.36123304,0
0.39698492,0.80463243,1,0.4875,0.05676377,0
0.46984925,0.081571,0,0.5375,0.19942139,0
0.42462312,0.09869084,0,0.2625,0.11272945,0
0.48994975,0.79154079,2,0.5,0.13607342,0
0.37437186,0.26384693,0,0.2,0.12250599,0
0.82160804,0.13796576,1,0.225,0.18196329,0
0.47487437,0.0040282,0,0.3125,0.29299681,0
0.85175879,0.09365559,1,0.2875,0.2849162,0
0.73115578,0.63343404,1,0.45350109,0.03601357,0
0.07788945,0.44310171,0,0.4375,0.12978851,0
0.59045226,0.02517623,1,0.4,0.20061852,0
0.36432161,0.24773414,1,0.3375,0.17907023,0
0.44723618,0.6858006,2,0.3375,0.09517159,0
0.53768844,0.82578046,1,0.2375,0.06414605,0
0.40703518,0.14098691,2,0.6375,0.29499202,0
0.21859296,0.387714,1,0.3125,0.04868316,0
0.04020101,0.05538771,2,0.875,0.18545491,0
0.58291457,0.21651561,2,0.45350109,0.02324421,0
0.68592965,0.36555891,1,0.275,0.2849162,0
0.39447236,0.44310171,1,0.275,0.13048683,0
0.26884422,0.62437059,0,0.2375,0.07841181,0
0.70351759,0.48036254,0,0.6125,0.22186752,0
0.10301508,0.54582075,0,0.4,0.27753392,0
0.21356784,0.48942598,2,0.1875,0.30796089,0
0.70854271,0.13695871,1,0.1875,0.04778532,0
0.65075377,0.59214502,2,0.4875,0.08868715,0
0.13065327,0.03222558,0,0.55,0.13048683,0
0.50502513,0.40080564,1,0.375,0.19632881,0
0.93969849,0.81268882,2,0.2875,0.09577015,0
0.8718593,0.05236657,2,0.5375,0.10285315,0
0.41708543,0.57401813,1,0.25,0.21308859,0
0.18844221,0.57703927,1,0.4625,0.32571828,0
0.32914573,0.16414904,0,0.5375,0.11871508,0
0.1080402,0.97885196,0,0.35,0.22954908,0
0.07788945,0.67170191,1,0.325,0.1429569,0
0.03266332,0.97885196,1,0.3375,0.242917,0
0.00753769,0.79859013,1,0.5375,0.14944134,0
0.95226131,0.88922457,1,0.375,0.40722267,0
0.99246231,0.12286002,1,0.7,0.17368316,0
0.29648241,0.72507553,0,0.1625,0.30686353,0
0.44221106,0.44209466,1,0.475,0.25069832,0
0.90452261,0.06646526,2,0.65,0.08569433,0
0.27889447,0.11077543,0,0.35,0.08539505,0
0.27638191,0.97885196,0,0.8875,0.19303671,0
0.27135678,0.67270896,2,0.1875,0.20121708,0
0.58291457,0.21047331,1,0.225,0.22007183,0
0.40201005,0.75830816,0,0.4625,0.15263368,0
0.06281407,0.16918429,1,0.4125,0.24162011,0
0.36432161,0.50352467,2,0.65,0.07681564,0
0.34170854,0.43605237,0,0.45350109,0.09966081,0
0.79145729,0.78449144,2,0.275,0.15592578,0
0.66080402,0.65156093,2,0.325,0.00089785,0
0.23366834,0.23967774,1,0.275,0.20351157,0
0.01507538,0.09365559,2,0.2875,0.21109338,0
0.94221106,0.16515609,1,0.275,0.08998404,0
0.70100503,0.37160121,1,0.325,0.16061453,0
0.79145729,0.24068479,1,0.3625,0.08090583,0
0.37939698,0.61732125,2,0.6375,0.02673583,0
0.09547739,0.01510574,2,0.65,0.13048683,0
0.42964824,0.25881168,1,0.475,0.2679569,0
0.15326633,0.1530715,0,0.5625,0.12180766,0
0.38693467,0.56898288,2,0.5375,0.29289705,0
0.97487437,0.33232628,2,0.2875,0.17597765,0
0.27889447,0.22255791,1,0.7375,0.19553073,0
0.61557789,0.76032226,2,0.3375,0.29658819,0
0.25628141,0.21450151,0,0.175,0.27643655,0
0.34924623,0.55891239,1,0.6125,0.27015164,0
0.90452261,0.69083585,1,0.275,0.1009577,0
0.65577889,0.09969789,0,0.5625,0.33858739,0
0.38190955,0.50352467,2,0.4625,0.1118316,0
0.35678392,0.18831823,0,0.35,0.13078611,0
0.03015075,0.19234642,2,0.4,0.20820032,0
0.1281407,0.96777442,2,0.2375,0.17956903,0
0.72613065,0.01309164,1,0.7375,0.21219074,0
0.41959799,0.19536757,0,0.375,0.23743017,0
0.57286432,0.18529708,0,0.0875,0.22575818,0
0.3718593,0.16012085,2,0.325,0.10744214,0
0.86180905,0.23967774,1,0.5875,0.18954509,0
0.65075377,0.70795569,2,0.4,0.23094573,0
0.12311558,0.09264854,0,0.0125,0.26646049,0
0.27386935,0.49244713,2,0.2125,0.14086193,0
0.4120603,0.21953676,1,0.45350109,0.08509577,0
0.19346734,0.83182276,0,0.7,0.32192737,0
0.34673367,0.86102719,1,0.3625,0.21009577,0
0.01507538,0.77844914,1,0.2,0.32501995,0
0.36683417,0.41389728,1,0.2875,0.20041899,0
0.08542714,0.54380665,2,0.325,0.18236233,0
0.45728643,0.51460222,2,0.0375,0.20680367,0
0.16080402,0.01107754,1,0.425,0.09247805,0
0.27135678,0.87109768,0,0.2875,0.38068635,0
0.3718593,0.88620342,1,0.4375,0.29838388,0
0.07788945,0.95166163,1,0.4875,0.33240223,0
0.42964824,0.18026183,2,0.6125,0.25409018,0
0.41457286,0.28801611,1,0.2375,0.20650439,0
0.51507538,0.22255791,2,0.5,0.32023144,0
0.54020101,0.17925478,2,0.4875,0.06723863,0
0.1281407,0.57603223,0,0.425,0.14116121,0
0.88693467,0.40886203,2,0.5125,0.25977654,0
0.17839196,0.98086606,2,0.3875,0.17049082,0
0.11055276,0.10674723,1,0.7375,0.22984836,0
0.25125628,0.63544814,1,0.075,0.16001596,0
0.12060302,0.80765358,1,0.725,0.18894653,0
0.56532663,0.12286002,1,0.5,0.12958899,0
0.02763819,0.11983887,2,0.25,0.18615323,0
0.22110553,0.58207452,1,0.375,0.27753392,0
0.51507538,0.3041289,0,0.4375,0.07711492,0
0.0678392,0.24068479,1,0.45350109,0.20959697,0
0.64321608,0.16515609,1,0.5625,0.07003192,0
0.08291457,0.9164149,1,0.45,0.0556664,0
0.8241206,0.82074522,2,0.425,0.07322426,0
0.30904523,0.79959718,2,0.3375,0.09078212,0
0.24120603,0.64954683,1,0.2375,0.13477654,0
0.88442211,0.55689829,2,0.1875,0.1151237,0
0.94723618,0.16616314,0,0.325,0.03880686,0
0.33668342,0.60624371,1,0.475,0.16869513,0
0.8718593,0.25780463,2,0.375,0.11372706,0
0.70603015,0.67774421,1,0.45350109,0.19064246,0
0.15326633,0.59818731,0,0.3375,0.19742618,0
0.38190955,0.92950655,2,0.475,0.25568635,0
0.37939698,0.8509567,1,0.4125,0.1080407,0
0.07286432,0.18126888,1,0.55,0.19463288,0
0.0,0.05135952,1,0.4,0.26596169,0
0.84170854,0.04229607,2,0.55,0.14944134,0
0.28643216,0.03826788,0,0.3625,0.09836393,0
0.42462312,0.9264854,1,0.4875,0.14066241,0
0.6281407,0.25075529,0,0.6,0.2249601,0
0.6959799,0.65357503,1,0.4875,0.07881085,0
0.53015075,0.59113797,2,0.5,0.2636672,0
0.87437186,0.27391742,1,0.45350109,0.03741022,0
0.06281407,0.34038268,0,0.6,0.33798883,0
0.31658291,0.50956697,0,0.325,0.19563049,0
0.62060302,0.20745217,2,0.6625,0.33060654,0
0.33919598,0.01913394,2,0.6,0.21189146,0
0.03768844,0.19838872,1,0.3,0.03332003,0
0.09547739,0.87814703,2,0.4375,0.6310854,0
0.45979899,0.04833837,0,0.375,0.26925379,0
0.95477387,0.3141994,2,0.2125,0.19223863,0
0.87939698,0.62940584,1,0.475,0.16510375,0
0.86683417,0.31923464,0,0.375,0.22735435,0
0.01005025,0.84390735,1,0.55,0.28731045,0
0.44472362,0.27190332,0,0.15,0.21707901,0
0.64070352,0.23363545,0,0.425,0.20181564,0
0.71356784,0.39476334,2,0.2,0.08988428,0
0.86934673,0.41691843,2,0.65,0.37978851,0
0.11306533,0.91137966,2,0.5,0.285415,0
0.65326633,0.15810675,0,0.325,0.02932961,0
0.33417085,0.01309164,2,0.4125,0.2773344,0
0.10301508,0.75730111,1,0.6,0.22905028,0
0.38442211,0.64350453,1,0.45350109,0.16071429,0
0.77386935,0.26384693,1,0.325,0.53381883,0
0.26633166,0.56998993,0,0.6375,0.242917,0
0.15075377,0.50453172,1,0.5125,0.10065842,0
0.98994975,0.11077543,0,0.3875,0.19622905,0
0.16582915,0.34340383,1,0.775,0.31843575,0
0.43969849,0.52165156,1,0.0,0.1632083,0
0.80904523,0.3776435,1,0.6,0.04309657,0
0.42462312,0.65156093,2,0.3875,0.19882283,0
0.06281407,0.43202417,2,0.4375,0.25568635,0
0.40452261,0.62940584,2,0.45350109,0.22156824,0
0.94723618,0.71500504,1,0.45350109,0.2532921,0
0.49497487,0.73615307,2,0.45350109,0.25917797,0
0.51256281,0.07452165,1,0.4,0.26286911,0
0.73869347,0.75931521,0,0.125,0.07412211,0
0.11557789,0.27492447,2,0.5,0.1381684,0
0.82663317,0.02114804,1,0.425,0.06085395,0
0.31658291,0.24269889,2,0.625,0.23004789,0
0.45477387,0.43403827,2,0.5875,0.23493615,0
0.60552764,0.49244713,2,0.4,0.20580607,0
0.7638191,0.78348439,0,0.1875,0.21578212,0
0.00502513,0.10574018,0,0.4,0.20620511,0
0.57537688,0.84189325,1,0.6875,0.04978053,0
0.28140704,0.64954683,0,0.4875,0.06195132,0
0.38190955,0.33031219,0,0.425,0.31264964,0
0.64824121,0.29506546,2,0.125,0.08509577,0
0.56030151,0.23162135,2,0.7,0.15622506,0
0.66582915,0.7693857,2,0.575,0.22695531,0
0.74371859,0.13393756,2,0.475,0.2089984,0
0.37939698,0.43303122,1,0.4125,0.26865523,0
0.33668342,0.59113797,1,0.45,0.19183958,0
0.15075377,0.86404834,0,0.5375,0.08798883,0
0.35427136,0.39375629,0,0.45350109,0.20640463,0
0.46482412,0.17724068,2,0.35,0.05576616,0
0.92211055,0.6998993,2,0.525,0.19612929,0
0.18592965,0.96374622,2,0.4,0.10824022,0
0.0201005,0.57200403,2,0.1625,0.16201117,0
0.31658291,0.80765358,0,0.3625,0.28182362,0
0.51256281,0.19536757,2,0.45350109,0.22845172,0
0.67085427,0.09566969,1,0.35,0.17438148,0
0.11809045,0.95367573,2,0.3,0.32053073,0
0.53266332,0.10775428,1,0.1125,0.10943735,0
0.18090452,0.26888218,2,0.475,0.29978053,0
0.21105528,0.17623364,2,0.125,0.21348763,0
0.52261307,0.36153072,1,0.225,0.20869912,0
0.04773869,0.78046324,2,0.4625,0.24281724,0
0.35427136,0.30110775,0,0.2625,0.17667598,0
0.04522613,0.62839879,2,0.2625,0.12839186,0
0.03015075,0.94259819,1,0.65,0.37380287,0
0.21105528,0.50755287,2,0.5,0.1457502,0
0.23115578,0.01007049,1,0.225,0.23373903,0
